{
  "incumbent_ids": [
    96
  ],
  "rejected_config_ids": [
    1
  ],
  "incumbents_changed": 2,
  "trajectory": [
    {
      "config_ids": [
        1
      ],
      "costs": [
        -4396.181804761129
      ],
      "trial": 30,
      "walltime": 0.0005786418914794922
    },
    {
      "config_ids": [
        96
      ],
      "costs": [
        -5000.200059641934
      ],
      "trial": 96,
      "walltime": 5841.432569265366
    }
  ],
  "state": {
    "queue": [
      [
        110,
        1
      ]
    ]
  }
}