{
  "incumbent_ids": [
    2
  ],
  "rejected_config_ids": [
    1
  ],
  "incumbents_changed": 2,
  "trajectory": [
    {
      "config_ids": [
        1
      ],
      "costs": [
        -2653.620035417723
      ],
      "trial": 1,
      "walltime": 93.76901865005493
    },
    {
      "config_ids": [
        2
      ],
      "costs": [
        -4425.773439571016
      ],
      "trial": 2,
      "walltime": 193.81807208061218
    }
  ],
  "state": {
    "queue": [
      [
        30,
        1
      ]
    ]
  }
}