{
  "incumbent_ids": [
    86
  ],
  "rejected_config_ids": [
    1
  ],
  "incumbents_changed": 2,
  "trajectory": [
    {
      "config_ids": [
        1
      ],
      "costs": [
        -3627.214308306018
      ],
      "trial": 30,
      "walltime": 0.0003859996795654297
    },
    {
      "config_ids": [
        86
      ],
      "costs": [
        -3749.410188902567
      ],
      "trial": 86,
      "walltime": 11806.732399463654
    }
  ],
  "state": {
    "queue": [
      [
        110,
        1
      ]
    ]
  }
}