{
  "incumbent_ids": [
    90
  ],
  "rejected_config_ids": [
    1,
    40,
    48
  ],
  "incumbents_changed": 4,
  "trajectory": [
    {
      "config_ids": [
        1
      ],
      "costs": [
        531421.0
      ],
      "trial": 30,
      "walltime": 0.0004892349243164062
    },
    {
      "config_ids": [
        40
      ],
      "costs": [
        421461.0
      ],
      "trial": 40,
      "walltime": 660.2458076477051
    },
    {
      "config_ids": [
        48
      ],
      "costs": [
        388904.0
      ],
      "trial": 48,
      "walltime": 1548.999930858612
    },
    {
      "config_ids": [
        90
      ],
      "costs": [
        371777.0
      ],
      "trial": 90,
      "walltime": 4296.530207157135
    }
  ],
  "state": {
    "queue": [
      [
        110,
        1
      ]
    ]
  }
}