{
  "incumbent_ids": [
    85
  ],
  "rejected_config_ids": [
    1,
    31,
    33
  ],
  "incumbents_changed": 4,
  "trajectory": [
    {
      "config_ids": [
        1
      ],
      "costs": [
        -1902.830446549263
      ],
      "trial": 30,
      "walltime": 0.0004363059997558594
    },
    {
      "config_ids": [
        31
      ],
      "costs": [
        -2032.5664472172425
      ],
      "trial": 31,
      "walltime": 91.27200603485107
    },
    {
      "config_ids": [
        33
      ],
      "costs": [
        -3183.6312132471876
      ],
      "trial": 33,
      "walltime": 293.73487186431885
    },
    {
      "config_ids": [
        85
      ],
      "costs": [
        -3236.2796715907607
      ],
      "trial": 85,
      "walltime": 5058.472156763077
    }
  ],
  "state": {
    "queue": [
      [
        110,
        1
      ]
    ]
  }
}