{
  "incumbent_ids": [
    18
  ],
  "rejected_config_ids": [
    1,
    2
  ],
  "incumbents_changed": 3,
  "trajectory": [
    {
      "config_ids": [
        1
      ],
      "costs": [
        -832.0720931781066
      ],
      "trial": 1,
      "walltime": 217.74824690818787
    },
    {
      "config_ids": [
        2
      ],
      "costs": [
        -3803.361726646279
      ],
      "trial": 2,
      "walltime": 408.07656383514404
    },
    {
      "config_ids": [
        18
      ],
      "costs": [
        -3881.409929452479
      ],
      "trial": 18,
      "walltime": 3207.336088180542
    }
  ],
  "state": {
    "queue": [
      [
        30,
        1
      ]
    ]
  }
}