{
  "incumbent_ids": [
    57
  ],
  "rejected_config_ids": [
    1,
    28,
    34
  ],
  "incumbents_changed": 4,
  "trajectory": [
    {
      "config_ids": [
        1
      ],
      "costs": [
        -4114.627175862342
      ],
      "trial": 3,
      "walltime": 0.0011479854583740234
    },
    {
      "config_ids": [
        28
      ],
      "costs": [
        -4773.309029053999
      ],
      "trial": 28,
      "walltime": 1996.0217068195343
    },
    {
      "config_ids": [
        34
      ],
      "costs": [
        -4986.313075108464
      ],
      "trial": 34,
      "walltime": 2468.484954595566
    },
    {
      "config_ids": [
        57
      ],
      "costs": [
        -5308.733026577043
      ],
      "trial": 57,
      "walltime": 4479.856900691986
    }
  ],
  "state": {
    "queue": [
      [
        110,
        1
      ]
    ]
  }
}