{
  "incumbent_ids": [
    13
  ],
  "rejected_config_ids": [
    1,
    2
  ],
  "incumbents_changed": 3,
  "trajectory": [
    {
      "config_ids": [
        1
      ],
      "costs": [
        -1089.283853158623
      ],
      "trial": 1,
      "walltime": 454.16351556777954
    },
    {
      "config_ids": [
        2
      ],
      "costs": [
        -3928.3466129261233
      ],
      "trial": 2,
      "walltime": 915.2666907310486
    },
    {
      "config_ids": [
        13
      ],
      "costs": [
        -4474.854834655471
      ],
      "trial": 13,
      "walltime": 5628.6848158836365
    }
  ],
  "state": {
    "queue": [
      [
        30,
        1
      ]
    ]
  }
}