{
  "incumbent_ids": [
    42
  ],
  "rejected_config_ids": [
    1,
    31
  ],
  "incumbents_changed": 3,
  "trajectory": [
    {
      "config_ids": [
        1
      ],
      "costs": [
        -1406.2495778673142
      ],
      "trial": 30,
      "walltime": 0.0005133152008056641
    },
    {
      "config_ids": [
        31
      ],
      "costs": [
        -1418.8987824193064
      ],
      "trial": 31,
      "walltime": 92.89867520332336
    },
    {
      "config_ids": [
        42
      ],
      "costs": [
        -1422.78215268499
      ],
      "trial": 42,
      "walltime": 825.1970882415771
    }
  ],
  "state": {
    "queue": [
      [
        110,
        1
      ]
    ]
  }
}