{
  "incumbent_ids": [
    2
  ],
  "rejected_config_ids": [
    1
  ],
  "incumbents_changed": 2,
  "trajectory": [
    {
      "config_ids": [
        1
      ],
      "costs": [
        -2622.647068885925
      ],
      "trial": 1,
      "walltime": 91.64373898506165
    },
    {
      "config_ids": [
        2
      ],
      "costs": [
        -4438.265310702644
      ],
      "trial": 2,
      "walltime": 189.8525128364563
    }
  ],
  "state": {
    "queue": [
      [
        30,
        1
      ]
    ]
  }
}