{
  "incumbent_ids": [
    48
  ],
  "rejected_config_ids": [
    1,
    44
  ],
  "incumbents_changed": 3,
  "trajectory": [
    {
      "config_ids": [
        1
      ],
      "costs": [
        -1717.0062268778936
      ],
      "trial": 30,
      "walltime": 0.0006051063537597656
    },
    {
      "config_ids": [
        44
      ],
      "costs": [
        -2511.4052484920007
      ],
      "trial": 44,
      "walltime": 1018.7059488296509
    },
    {
      "config_ids": [
        48
      ],
      "costs": [
        -3630.5060528363965
      ],
      "trial": 48,
      "walltime": 1248.9235763549805
    }
  ],
  "state": {
    "queue": [
      [
        110,
        1
      ]
    ]
  }
}