{
  "incumbent_ids": [
    20
  ],
  "rejected_config_ids": [
    1,
    11,
    12
  ],
  "incumbents_changed": 4,
  "trajectory": [
    {
      "config_ids": [
        1
      ],
      "costs": [
        -692.5
      ],
      "trial": 1,
      "walltime": 44.83631229400635
    },
    {
      "config_ids": [
        11
      ],
      "costs": [
        -1314.5645491003627
      ],
      "trial": 11,
      "walltime": 533.4969308376312
    },
    {
      "config_ids": [
        12
      ],
      "costs": [
        -1543.7993216031182
      ],
      "trial": 12,
      "walltime": 624.4452328681946
    },
    {
      "config_ids": [
        20
      ],
      "costs": [
        -1945.8300968017027
      ],
      "trial": 20,
      "walltime": 1026.5463225841522
    }
  ],
  "state": {
    "queue": [
      [
        30,
        1
      ]
    ]
  }
}