{
  "incumbent_ids": [
    2
  ],
  "rejected_config_ids": [
    1
  ],
  "incumbents_changed": 2,
  "trajectory": [
    {
      "config_ids": [
        1
      ],
      "costs": [
        -892.9868571027325
      ],
      "trial": 1,
      "walltime": 262.89297819137573
    },
    {
      "config_ids": [
        2
      ],
      "costs": [
        -3840.447187961748
      ],
      "trial": 2,
      "walltime": 534.0576150417328
    }
  ],
  "state": {
    "queue": [
      [
        30,
        1
      ]
    ]
  }
}