{
  "incumbent_ids": [
    56
  ],
  "rejected_config_ids": [
    1
  ],
  "incumbents_changed": 2,
  "trajectory": [
    {
      "config_ids": [
        1
      ],
      "costs": [
        -4419.2969360914285
      ],
      "trial": 30,
      "walltime": 0.0005736351013183594
    },
    {
      "config_ids": [
        56
      ],
      "costs": [
        -12690.16396873479
      ],
      "trial": 56,
      "walltime": 4062.4943585395813
    }
  ],
  "state": {
    "queue": [
      [
        110,
        1
      ]
    ]
  }
}