{
  "incumbent_ids": [
    21
  ],
  "rejected_config_ids": [
    1,
    11
  ],
  "incumbents_changed": 3,
  "trajectory": [
    {
      "config_ids": [
        1
      ],
      "costs": [
        -675.0
      ],
      "trial": 1,
      "walltime": 44.41010117530823
    },
    {
      "config_ids": [
        11
      ],
      "costs": [
        -1342.448083435425
      ],
      "trial": 11,
      "walltime": 587.8027107715607
    },
    {
      "config_ids": [
        21
      ],
      "costs": [
        -1717.0062268778936
      ],
      "trial": 21,
      "walltime": 1123.7662227153778
    }
  ],
  "state": {
    "queue": [
      [
        30,
        1
      ]
    ]
  }
}