{
  "incumbent_ids": [
    105
  ],
  "rejected_config_ids": [
    1,
    41,
    48
  ],
  "incumbents_changed": 4,
  "trajectory": [
    {
      "config_ids": [
        1
      ],
      "costs": [
        -3964.886709138788
      ],
      "trial": 30,
      "walltime": 0.0005364418029785156
    },
    {
      "config_ids": [
        41
      ],
      "costs": [
        -4283.300500214226
      ],
      "trial": 41,
      "walltime": 1092.508333683014
    },
    {
      "config_ids": [
        48
      ],
      "costs": [
        -4331.084367197578
      ],
      "trial": 48,
      "walltime": 1670.7762966156006
    },
    {
      "config_ids": [
        105
      ],
      "costs": [
        -4361.608034300563
      ],
      "trial": 105,
      "walltime": 6714.012283563614
    }
  ],
  "state": {
    "queue": [
      [
        110,
        1
      ]
    ]
  }
}