{
  "incumbent_ids": [
    2
  ],
  "rejected_config_ids": [
    1
  ],
  "incumbents_changed": 2,
  "trajectory": [
    {
      "config_ids": [
        1
      ],
      "costs": [
        -2656.6825109803203
      ],
      "trial": 1,
      "walltime": 93.82234907150269
    },
    {
      "config_ids": [
        2
      ],
      "costs": [
        -4392.166980858669
      ],
      "trial": 2,
      "walltime": 193.4086389541626
    }
  ],
  "state": {
    "queue": [
      [
        30,
        1
      ]
    ]
  }
}