{
  "incumbent_ids": [
    29
  ],
  "rejected_config_ids": [
    1,
    11
  ],
  "incumbents_changed": 3,
  "trajectory": [
    {
      "config_ids": [
        1
      ],
      "costs": [
        -664.5
      ],
      "trial": 1,
      "walltime": 44.36089372634888
    },
    {
      "config_ids": [
        11
      ],
      "costs": [
        -1340.4636692966624
      ],
      "trial": 11,
      "walltime": 530.4040973186493
    },
    {
      "config_ids": [
        29
      ],
      "costs": [
        -3071.0291037272573
      ],
      "trial": 29,
      "walltime": 1472.8807082176208
    }
  ],
  "state": {
    "queue": [
      [
        30,
        1
      ]
    ]
  }
}