{
  "incumbent_ids": [
    22
  ],
  "rejected_config_ids": [
    1,
    2,
    13
  ],
  "incumbents_changed": 4,
  "trajectory": [
    {
      "config_ids": [
        1
      ],
      "costs": [
        -1171.4655556678092
      ],
      "trial": 1,
      "walltime": 293.3666446208954
    },
    {
      "config_ids": [
        2
      ],
      "costs": [
        -3117.01647399415
      ],
      "trial": 2,
      "walltime": 629.2724027633667
    },
    {
      "config_ids": [
        13
      ],
      "costs": [
        -3280.9029974155555
      ],
      "trial": 13,
      "walltime": 3676.0920231342316
    },
    {
      "config_ids": [
        22
      ],
      "costs": [
        -3296.8853301297545
      ],
      "trial": 22,
      "walltime": 6209.509148836136
    }
  ],
  "state": {
    "queue": [
      [
        30,
        1
      ]
    ]
  }
}