{
  "incumbent_ids": [
    79
  ],
  "rejected_config_ids": [
    1,
    39
  ],
  "incumbents_changed": 3,
  "trajectory": [
    {
      "config_ids": [
        1
      ],
      "costs": [
        -4874.807718815539
      ],
      "trial": 30,
      "walltime": 0.0005745887756347656
    },
    {
      "config_ids": [
        39
      ],
      "costs": [
        -11117.552804170517
      ],
      "trial": 39,
      "walltime": 804.9115641117096
    },
    {
      "config_ids": [
        79
      ],
      "costs": [
        -12831.453830179249
      ],
      "trial": 79,
      "walltime": 4234.892782211304
    }
  ],
  "state": {
    "queue": [
      [
        110,
        1
      ]
    ]
  }
}