{
  "incumbent_ids": [
    96
  ],
  "rejected_config_ids": [
    1
  ],
  "incumbents_changed": 2,
  "trajectory": [
    {
      "config_ids": [
        1
      ],
      "costs": [
        -3658.560160759321
      ],
      "trial": 30,
      "walltime": 0.0003864765167236328
    },
    {
      "config_ids": [
        96
      ],
      "costs": [
        -3768.905871702839
      ],
      "trial": 96,
      "walltime": 18311.19834113121
    }
  ],
  "state": {
    "queue": [
      [
        110,
        1
      ]
    ]
  }
}