{
  "incumbent_ids": [
    54
  ],
  "rejected_config_ids": [
    1,
    32
  ],
  "incumbents_changed": 3,
  "trajectory": [
    {
      "config_ids": [
        1
      ],
      "costs": [
        -4288.094643026299
      ],
      "trial": 30,
      "walltime": 0.0004818439483642578
    },
    {
      "config_ids": [
        32
      ],
      "costs": [
        -4302.86549822354
      ],
      "trial": 32,
      "walltime": 151.16766667366028
    },
    {
      "config_ids": [
        54
      ],
      "costs": [
        -4308.663016870037
      ],
      "trial": 54,
      "walltime": 1530.333748102188
    }
  ],
  "state": {
    "queue": [
      [
        110,
        1
      ]
    ]
  }
}