{
  "incumbent_ids": [
    13
  ],
  "rejected_config_ids": [
    1,
    3
  ],
  "incumbents_changed": 3,
  "trajectory": [
    {
      "config_ids": [
        1
      ],
      "costs": [
        -2149.9463375313835
      ],
      "trial": 1,
      "walltime": 425.54256224632263
    },
    {
      "config_ids": [
        3
      ],
      "costs": [
        -2356.144633881116
      ],
      "trial": 3,
      "walltime": 1212.4360120296478
    },
    {
      "config_ids": [
        13
      ],
      "costs": [
        -3303.2630607371484
      ],
      "trial": 13,
      "walltime": 5290.566381454468
    }
  ],
  "state": {
    "queue": [
      [
        30,
        1
      ]
    ]
  }
}