{
  "incumbent_ids": [
    63
  ],
  "rejected_config_ids": [
    1,
    41
  ],
  "incumbents_changed": 3,
  "trajectory": [
    {
      "config_ids": [
        1
      ],
      "costs": [
        -2167.535838893204
      ],
      "trial": 30,
      "walltime": 0.0006656646728515625
    },
    {
      "config_ids": [
        41
      ],
      "costs": [
        -2228.764891209447
      ],
      "trial": 41,
      "walltime": 4456.719908237457
    },
    {
      "config_ids": [
        63
      ],
      "costs": [
        -2239.960552484335
      ],
      "trial": 63,
      "walltime": 13297.868912935257
    }
  ],
  "state": {
    "queue": [
      [
        110,
        1
      ]
    ]
  }
}