{
  "incumbent_ids": [
    18
  ],
  "rejected_config_ids": [
    1,
    2,
    16
  ],
  "incumbents_changed": 4,
  "trajectory": [
    {
      "config_ids": [
        1
      ],
      "costs": [
        -579.5597259572448
      ],
      "trial": 1,
      "walltime": 544.7958993911743
    },
    {
      "config_ids": [
        2
      ],
      "costs": [
        -3928.3767590556354
      ],
      "trial": 2,
      "walltime": 1096.8127272129059
    },
    {
      "config_ids": [
        16
      ],
      "costs": [
        -4225.444456482382
      ],
      "trial": 16,
      "walltime": 8124.5764944553375
    },
    {
      "config_ids": [
        18
      ],
      "costs": [
        -4398.461414764313
      ],
      "trial": 18,
      "walltime": 9177.400544166565
    }
  ],
  "state": {
    "queue": [
      [
        30,
        1
      ]
    ]
  }
}