{
  "incumbent_ids": [
    8
  ],
  "rejected_config_ids": [
    1,
    3
  ],
  "incumbents_changed": 3,
  "trajectory": [
    {
      "config_ids": [
        1
      ],
      "costs": [
        -1098.430985732372
      ],
      "trial": 1,
      "walltime": 92.21176147460938
    },
    {
      "config_ids": [
        3
      ],
      "costs": [
        -3790.6384480681972
      ],
      "trial": 3,
      "walltime": 233.52834105491638
    },
    {
      "config_ids": [
        8
      ],
      "costs": [
        -3965.4336915295976
      ],
      "trial": 8,
      "walltime": 493.93349504470825
    }
  ],
  "state": {
    "queue": [
      [
        30,
        1
      ]
    ]
  }
}