{
  "incumbent_ids": [
    103
  ],
  "rejected_config_ids": [
    1,
    32,
    92
  ],
  "incumbents_changed": 4,
  "trajectory": [
    {
      "config_ids": [
        1
      ],
      "costs": [
        -2621.2912036430957
      ],
      "trial": 30,
      "walltime": 0.0005505084991455078
    },
    {
      "config_ids": [
        32
      ],
      "costs": [
        -2631.8526183303698
      ],
      "trial": 32,
      "walltime": 755.523820400238
    },
    {
      "config_ids": [
        92
      ],
      "costs": [
        -3169.406070004351
      ],
      "trial": 92,
      "walltime": 22876.15756225586
    },
    {
      "config_ids": [
        103
      ],
      "costs": [
        -3364.0044714918
      ],
      "trial": 103,
      "walltime": 26748.407460689545
    }
  ],
  "state": {
    "queue": [
      [
        110,
        1
      ]
    ]
  }
}