{
  "incumbent_ids": [
    17
  ],
  "rejected_config_ids": [
    1
  ],
  "incumbents_changed": 2,
  "trajectory": [
    {
      "config_ids": [
        1
      ],
      "costs": [
        -1352.6658191088088
      ],
      "trial": 1,
      "walltime": 94.27996945381165
    },
    {
      "config_ids": [
        17
      ],
      "costs": [
        -1373.5143413984545
      ],
      "trial": 17,
      "walltime": 1390.3546080589294
    }
  ],
  "state": {
    "queue": [
      [
        30,
        1
      ]
    ]
  }
}