{
  "incumbent_ids": [
    30
  ],
  "rejected_config_ids": [
    1,
    2,
    20
  ],
  "incumbents_changed": 4,
  "trajectory": [
    {
      "config_ids": [
        1
      ],
      "costs": [
        -2619.1420586721165
      ],
      "trial": 1,
      "walltime": 93.88363122940063
    },
    {
      "config_ids": [
        2
      ],
      "costs": [
        -4385.410264912944
      ],
      "trial": 2,
      "walltime": 194.0796835422516
    },
    {
      "config_ids": [
        20
      ],
      "costs": [
        -6624.439385734921
      ],
      "trial": 20,
      "walltime": 1745.8864843845367
    },
    {
      "config_ids": [
        30
      ],
      "costs": [
        -8308.58188478255
      ],
      "trial": 30,
      "walltime": 2490.7451643943787
    }
  ],
  "state": {
    "queue": [
      [
        30,
        1
      ]
    ]
  }
}