{
  "incumbent_ids": [
    24
  ],
  "rejected_config_ids": [
    1,
    2
  ],
  "incumbents_changed": 3,
  "trajectory": [
    {
      "config_ids": [
        1
      ],
      "costs": [
        -2304.566948897994
      ],
      "trial": 1,
      "walltime": 94.2766580581665
    },
    {
      "config_ids": [
        2
      ],
      "costs": [
        -4374.183129632545
      ],
      "trial": 2,
      "walltime": 201.19285488128662
    },
    {
      "config_ids": [
        24
      ],
      "costs": [
        -4874.807718815539
      ],
      "trial": 24,
      "walltime": 1966.0787143707275
    }
  ],
  "state": {
    "queue": [
      [
        30,
        1
      ]
    ]
  }
}