{
  "incumbent_ids": [
    2
  ],
  "rejected_config_ids": [
    1
  ],
  "incumbents_changed": 2,
  "trajectory": [
    {
      "config_ids": [
        1
      ],
      "costs": [
        -2638.6667669426924
      ],
      "trial": 1,
      "walltime": 95.07200717926025
    },
    {
      "config_ids": [
        2
      ],
      "costs": [
        -4329.068472927971
      ],
      "trial": 2,
      "walltime": 195.13086485862732
    }
  ],
  "state": {
    "queue": [
      [
        30,
        1
      ]
    ]
  }
}