{
  "incumbent_ids": [
    48
  ],
  "rejected_config_ids": [
    1,
    31,
    32
  ],
  "incumbents_changed": 4,
  "trajectory": [
    {
      "config_ids": [
        1
      ],
      "costs": [
        -5658.6665661033785
      ],
      "trial": 30,
      "walltime": 0.0007529258728027344
    },
    {
      "config_ids": [
        31
      ],
      "costs": [
        -5929.4718750768725
      ],
      "trial": 31,
      "walltime": 95.61918497085571
    },
    {
      "config_ids": [
        32
      ],
      "costs": [
        -7028.980052739254
      ],
      "trial": 32,
      "walltime": 189.44660782814026
    },
    {
      "config_ids": [
        48
      ],
      "costs": [
        -7281.970641976419
      ],
      "trial": 48,
      "walltime": 1321.9739315509796
    }
  ],
  "state": {
    "queue": [
      [
        110,
        1
      ]
    ]
  }
}