{
  "incumbent_ids": [
    2
  ],
  "rejected_config_ids": [
    1
  ],
  "incumbents_changed": 2,
  "trajectory": [
    {
      "config_ids": [
        1
      ],
      "costs": [
        -918.3477759840022
      ],
      "trial": 1,
      "walltime": 209.6061143875122
    },
    {
      "config_ids": [
        2
      ],
      "costs": [
        -3829.9661435550306
      ],
      "trial": 2,
      "walltime": 431.171679019928
    }
  ],
  "state": {
    "queue": [
      [
        30,
        1
      ]
    ]
  }
}