{
  "incumbent_ids": [
    102
  ],
  "rejected_config_ids": [
    1,
    49,
    71
  ],
  "incumbents_changed": 4,
  "trajectory": [
    {
      "config_ids": [
        1
      ],
      "costs": [
        -3119.015404152373
      ],
      "trial": 30,
      "walltime": 0.0006787776947021484
    },
    {
      "config_ids": [
        49
      ],
      "costs": [
        -3424.8842638206015
      ],
      "trial": 49,
      "walltime": 5531.215608119965
    },
    {
      "config_ids": [
        71
      ],
      "costs": [
        -3461.9339451973697
      ],
      "trial": 71,
      "walltime": 12371.01272559166
    },
    {
      "config_ids": [
        102
      ],
      "costs": [
        -3491.784032598303
      ],
      "trial": 102,
      "walltime": 22905.274884939194
    }
  ],
  "state": {
    "queue": [
      [
        110,
        1
      ]
    ]
  }
}