{
  "incumbent_ids": [
    5
  ],
  "rejected_config_ids": [
    1,
    2,
    3
  ],
  "incumbents_changed": 4,
  "trajectory": [
    {
      "config_ids": [
        1
      ],
      "costs": [
        -708.2510017431972
      ],
      "trial": 1,
      "walltime": 358.078959941864
    },
    {
      "config_ids": [
        2
      ],
      "costs": [
        -749.0018007476735
      ],
      "trial": 2,
      "walltime": 688.2188577651978
    },
    {
      "config_ids": [
        3
      ],
      "costs": [
        -1524.4984150782982
      ],
      "trial": 3,
      "walltime": 1047.2867829799652
    },
    {
      "config_ids": [
        5
      ],
      "costs": [
        -4327.755444387599
      ],
      "trial": 5,
      "walltime": 1707.253419160843
    }
  ],
  "state": {
    "queue": [
      [
        30,
        1
      ]
    ]
  }
}