{
  "incumbent_ids": [
    50
  ],
  "rejected_config_ids": [
    1
  ],
  "incumbents_changed": 2,
  "trajectory": [
    {
      "config_ids": [
        1
      ],
      "costs": [
        -4114.627175862342
      ],
      "trial": 7,
      "walltime": 0.0005910396575927734
    },
    {
      "config_ids": [
        50
      ],
      "costs": [
        -4938.095361893931
      ],
      "trial": 50,
      "walltime": 3220.5018413066864
    }
  ],
  "state": {
    "queue": [
      [
        110,
        1
      ]
    ]
  }
}