{
  "incumbent_ids": [
    48
  ],
  "rejected_config_ids": [
    1,
    35
  ],
  "incumbents_changed": 3,
  "trajectory": [
    {
      "config_ids": [
        1
      ],
      "costs": [
        -3296.8853301297545
      ],
      "trial": 30,
      "walltime": 0.0006182193756103516
    },
    {
      "config_ids": [
        35
      ],
      "costs": [
        -3378.3864583581226
      ],
      "trial": 35,
      "walltime": 1447.1494562625885
    },
    {
      "config_ids": [
        48
      ],
      "costs": [
        -3380.7891162379833
      ],
      "trial": 48,
      "walltime": 5111.756375312805
    }
  ],
  "state": {
    "queue": [
      [
        110,
        1
      ]
    ]
  }
}