{
  "incumbent_ids": [
    17
  ],
  "rejected_config_ids": [
    1,
    2
  ],
  "incumbents_changed": 3,
  "trajectory": [
    {
      "config_ids": [
        1
      ],
      "costs": [
        -2521.1793536097043
      ],
      "trial": 1,
      "walltime": 92.92266368865967
    },
    {
      "config_ids": [
        2
      ],
      "costs": [
        -4015.8155435099893
      ],
      "trial": 2,
      "walltime": 192.4800045490265
    },
    {
      "config_ids": [
        17
      ],
      "costs": [
        -4332.245215829404
      ],
      "trial": 17,
      "walltime": 1435.6269273757935
    }
  ],
  "state": {
    "queue": [
      [
        30,
        1
      ]
    ]
  }
}