{
  "incumbent_ids": [
    53
  ],
  "rejected_config_ids": [
    1,
    48
  ],
  "incumbents_changed": 3,
  "trajectory": [
    {
      "config_ids": [
        1
      ],
      "costs": [
        -1957.449799828198
      ],
      "trial": 30,
      "walltime": 0.0006303787231445312
    },
    {
      "config_ids": [
        48
      ],
      "costs": [
        -2020.209586569132
      ],
      "trial": 48,
      "walltime": 1038.939522743225
    },
    {
      "config_ids": [
        53
      ],
      "costs": [
        -3425.8937717718313
      ],
      "trial": 53,
      "walltime": 1543.7623360157013
    }
  ],
  "state": {
    "queue": [
      [
        110,
        1
      ]
    ]
  }
}