{
  "incumbent_ids": [
    28
  ],
  "rejected_config_ids": [
    1
  ],
  "incumbents_changed": 2,
  "trajectory": [
    {
      "config_ids": [
        1
      ],
      "costs": [
        -4114.627175862342
      ],
      "trial": 7,
      "walltime": 0.0027282238006591797
    },
    {
      "config_ids": [
        28
      ],
      "costs": [
        -4426.861178981987
      ],
      "trial": 28,
      "walltime": 1535.7473475933075
    }
  ],
  "state": {
    "queue": [
      [
        110,
        1
      ]
    ]
  }
}