{
  "incumbent_ids": [
    27
  ],
  "rejected_config_ids": [
    1
  ],
  "incumbents_changed": 2,
  "trajectory": [
    {
      "config_ids": [
        1
      ],
      "costs": [
        -4114.627175862342
      ],
      "trial": 7,
      "walltime": 0.00061798095703125
    },
    {
      "config_ids": [
        27
      ],
      "costs": [
        -5190.662338519387
      ],
      "trial": 27,
      "walltime": 1694.8336291313171
    }
  ],
  "state": {
    "queue": [
      [
        110,
        1
      ]
    ]
  }
}