{
  "incumbent_ids": [
    109
  ],
  "rejected_config_ids": [
    1,
    72,
    85
  ],
  "incumbents_changed": 4,
  "trajectory": [
    {
      "config_ids": [
        1
      ],
      "costs": [
        -4223.445031328093
      ],
      "trial": 30,
      "walltime": 0.0005514621734619141
    },
    {
      "config_ids": [
        72
      ],
      "costs": [
        -4239.346786221857
      ],
      "trial": 72,
      "walltime": 2937.8974046707153
    },
    {
      "config_ids": [
        85
      ],
      "costs": [
        -4265.7954674501225
      ],
      "trial": 85,
      "walltime": 4007.5155911445618
    },
    {
      "config_ids": [
        109
      ],
      "costs": [
        -4297.598511096996
      ],
      "trial": 109,
      "walltime": 5773.645400285721
    }
  ],
  "state": {
    "queue": [
      [
        110,
        1
      ]
    ]
  }
}