{
  "incumbent_ids": [
    108
  ],
  "rejected_config_ids": [
    1,
    48,
    70
  ],
  "incumbents_changed": 4,
  "trajectory": [
    {
      "config_ids": [
        1
      ],
      "costs": [
        -4114.627175862342
      ],
      "trial": 26,
      "walltime": 0.0006325244903564453
    },
    {
      "config_ids": [
        48
      ],
      "costs": [
        -4930.079074648861
      ],
      "trial": 48,
      "walltime": 1801.5116028785706
    },
    {
      "config_ids": [
        70
      ],
      "costs": [
        -4941.809740308498
      ],
      "trial": 70,
      "walltime": 3249.505402803421
    },
    {
      "config_ids": [
        108
      ],
      "costs": [
        -4950.042428415101
      ],
      "trial": 108,
      "walltime": 5763.7449288368225
    }
  ],
  "state": {
    "queue": [
      [
        110,
        1
      ]
    ]
  }
}