{
  "incumbent_ids": [
    7
  ],
  "rejected_config_ids": [
    1,
    2
  ],
  "incumbents_changed": 3,
  "trajectory": [
    {
      "config_ids": [
        1
      ],
      "costs": [
        -1482.6816106055699
      ],
      "trial": 1,
      "walltime": 89.81028079986572
    },
    {
      "config_ids": [
        2
      ],
      "costs": [
        -1861.2143924177803
      ],
      "trial": 2,
      "walltime": 179.6521553993225
    },
    {
      "config_ids": [
        7
      ],
      "costs": [
        -1902.830446549263
      ],
      "trial": 7,
      "walltime": 541.3857967853546
    }
  ],
  "state": {
    "queue": [
      [
        30,
        1
      ]
    ]
  }
}