{
  "incumbent_ids": [
    38
  ],
  "rejected_config_ids": [
    1
  ],
  "incumbents_changed": 2,
  "trajectory": [
    {
      "config_ids": [
        1
      ],
      "costs": [
        -4332.245215829404
      ],
      "trial": 30,
      "walltime": 0.0005688667297363281
    },
    {
      "config_ids": [
        38
      ],
      "costs": [
        -10000.20052500966
      ],
      "trial": 38,
      "walltime": 761.4270615577698
    }
  ],
  "state": {
    "queue": [
      [
        110,
        1
      ]
    ]
  }
}