{
  "incumbent_ids": [
    37
  ],
  "rejected_config_ids": [
    1
  ],
  "incumbents_changed": 2,
  "trajectory": [
    {
      "config_ids": [
        1
      ],
      "costs": [
        -3881.409929452479
      ],
      "trial": 30,
      "walltime": 0.0005669593811035156
    },
    {
      "config_ids": [
        37
      ],
      "costs": [
        -9539.926556503304
      ],
      "trial": 37,
      "walltime": 1398.7900166511536
    }
  ],
  "state": {
    "queue": [
      [
        110,
        1
      ]
    ]
  }
}