{
  "incumbent_ids": [
    12
  ],
  "rejected_config_ids": [
    1,
    7,
    9
  ],
  "incumbents_changed": 4,
  "trajectory": [
    {
      "config_ids": [
        1
      ],
      "costs": [
        -650.9374293133317
      ],
      "trial": 1,
      "walltime": 91.20150828361511
    },
    {
      "config_ids": [
        7
      ],
      "costs": [
        -1305.6782573257108
      ],
      "trial": 7,
      "walltime": 498.6353826522827
    },
    {
      "config_ids": [
        9
      ],
      "costs": [
        -1366.0068478147216
      ],
      "trial": 9,
      "walltime": 685.4085931777954
    },
    {
      "config_ids": [
        12
      ],
      "costs": [
        -1757.761387566604
      ],
      "trial": 12,
      "walltime": 914.621702671051
    }
  ],
  "state": {
    "queue": [
      [
        30,
        1
      ]
    ]
  }
}