{
  "incumbent_ids": [
    36
  ],
  "rejected_config_ids": [
    1
  ],
  "incumbents_changed": 2,
  "trajectory": [
    {
      "config_ids": [
        1
      ],
      "costs": [
        -4167.103458331913
      ],
      "trial": 30,
      "walltime": 0.0004527568817138672
    },
    {
      "config_ids": [
        36
      ],
      "costs": [
        -4177.9521934848935
      ],
      "trial": 36,
      "walltime": 1198.1152002811432
    }
  ],
  "state": {
    "queue": [
      [
        110,
        1
      ]
    ]
  }
}