{
  "incumbent_ids": [
    75
  ],
  "rejected_config_ids": [
    1,
    63,
    73
  ],
  "incumbents_changed": 4,
  "trajectory": [
    {
      "config_ids": [
        1
      ],
      "costs": [
        -3473.6214718548677
      ],
      "trial": 30,
      "walltime": 0.0004477500915527344
    },
    {
      "config_ids": [
        63
      ],
      "costs": [
        -3507.1010769469353
      ],
      "trial": 63,
      "walltime": 7871.058799743652
    },
    {
      "config_ids": [
        73
      ],
      "costs": [
        -3514.9018617070597
      ],
      "trial": 73,
      "walltime": 10544.437240600586
    },
    {
      "config_ids": [
        75
      ],
      "costs": [
        -3593.893091029097
      ],
      "trial": 75,
      "walltime": 11111.71939444542
    }
  ],
  "state": {
    "queue": [
      [
        110,
        1
      ]
    ]
  }
}