{
  "incumbent_ids": [
    107
  ],
  "rejected_config_ids": [
    1
  ],
  "incumbents_changed": 2,
  "trajectory": [
    {
      "config_ids": [
        1
      ],
      "costs": [
        -4392.166980858669
      ],
      "trial": 30,
      "walltime": 0.000576019287109375
    },
    {
      "config_ids": [
        107
      ],
      "costs": [
        -5406.139647598933
      ],
      "trial": 107,
      "walltime": 6940.557599544525
    }
  ],
  "state": {
    "queue": [
      [
        110,
        1
      ]
    ]
  }
}