{
  "incumbent_ids": [
    2
  ],
  "rejected_config_ids": [
    1
  ],
  "incumbents_changed": 2,
  "trajectory": [
    {
      "config_ids": [
        1
      ],
      "costs": [
        -2674.665681585758
      ],
      "trial": 1,
      "walltime": 93.67858266830444
    },
    {
      "config_ids": [
        2
      ],
      "costs": [
        -4396.181804761129
      ],
      "trial": 2,
      "walltime": 193.2651722431183
    }
  ],
  "state": {
    "queue": [
      [
        30,
        1
      ]
    ]
  }
}