{
  "incumbent_ids": [
    67
  ],
  "rejected_config_ids": [
    1
  ],
  "incumbents_changed": 2,
  "trajectory": [
    {
      "config_ids": [
        1
      ],
      "costs": [
        -4449.133368907694
      ],
      "trial": 30,
      "walltime": 0.0004627704620361328
    },
    {
      "config_ids": [
        67
      ],
      "costs": [
        -4484.874886037635
      ],
      "trial": 67,
      "walltime": 3006.5985019207
    }
  ],
  "state": {
    "queue": [
      [
        110,
        1
      ]
    ]
  }
}