{
  "incumbent_ids": [
    12
  ],
  "rejected_config_ids": [
    1,
    11
  ],
  "incumbents_changed": 3,
  "trajectory": [
    {
      "config_ids": [
        1
      ],
      "costs": [
        -682.0
      ],
      "trial": 1,
      "walltime": 46.384419679641724
    },
    {
      "config_ids": [
        11
      ],
      "costs": [
        -1351.499697173968
      ],
      "trial": 11,
      "walltime": 550.2397787570953
    },
    {
      "config_ids": [
        12
      ],
      "costs": [
        -4167.663301486934
      ],
      "trial": 12,
      "walltime": 645.7859039306641
    }
  ],
  "state": {
    "queue": [
      [
        30,
        1
      ]
    ]
  }
}