{
  "incumbent_ids": [
    99
  ],
  "rejected_config_ids": [
    1,
    34,
    38
  ],
  "incumbents_changed": 4,
  "trajectory": [
    {
      "config_ids": [
        1
      ],
      "costs": [
        -3303.2630607371484
      ],
      "trial": 30,
      "walltime": 0.00048232078552246094
    },
    {
      "config_ids": [
        34
      ],
      "costs": [
        -3486.116562241804
      ],
      "trial": 34,
      "walltime": 1694.9155502319336
    },
    {
      "config_ids": [
        38
      ],
      "costs": [
        -3511.0180253363114
      ],
      "trial": 38,
      "walltime": 3506.7957530021667
    },
    {
      "config_ids": [
        99
      ],
      "costs": [
        -3519.2528008040786
      ],
      "trial": 99,
      "walltime": 28576.569751024246
    }
  ],
  "state": {
    "queue": [
      [
        110,
        1
      ]
    ]
  }
}