{
  "incumbent_ids": [
    53
  ],
  "rejected_config_ids": [
    1,
    31,
    40
  ],
  "incumbents_changed": 4,
  "trajectory": [
    {
      "config_ids": [
        1
      ],
      "costs": [
        -1757.761387566604
      ],
      "trial": 30,
      "walltime": 0.0006921291351318359
    },
    {
      "config_ids": [
        31
      ],
      "costs": [
        -1792.024627619522
      ],
      "trial": 31,
      "walltime": 94.01256799697876
    },
    {
      "config_ids": [
        40
      ],
      "costs": [
        -1807.9585422929479
      ],
      "trial": 40,
      "walltime": 903.34517121315
    },
    {
      "config_ids": [
        53
      ],
      "costs": [
        -1900.2218768640796
      ],
      "trial": 53,
      "walltime": 1734.5989878177643
    }
  ],
  "state": {
    "queue": [
      [
        110,
        1
      ]
    ]
  }
}