{
  "incumbent_ids": [
    19
  ],
  "rejected_config_ids": [
    1,
    2
  ],
  "incumbents_changed": 3,
  "trajectory": [
    {
      "config_ids": [
        1
      ],
      "costs": [
        -1378.2364860272978
      ],
      "trial": 1,
      "walltime": 165.26454210281372
    },
    {
      "config_ids": [
        2
      ],
      "costs": [
        -3622.2296618117634
      ],
      "trial": 2,
      "walltime": 314.7768545150757
    },
    {
      "config_ids": [
        19
      ],
      "costs": [
        -4385.287318250304
      ],
      "trial": 19,
      "walltime": 2747.2554700374603
    }
  ],
  "state": {
    "queue": [
      [
        30,
        1
      ]
    ]
  }
}