{
  "incumbent_ids": [
    16
  ],
  "rejected_config_ids": [
    1
  ],
  "incumbents_changed": 2,
  "trajectory": [
    {
      "config_ids": [
        1
      ],
      "costs": [
        -4131.559474841236
      ],
      "trial": 1,
      "walltime": 204.1181766986847
    },
    {
      "config_ids": [
        16
      ],
      "costs": [
        -4362.672668522353
      ],
      "trial": 16,
      "walltime": 3139.299562931061
    }
  ],
  "state": {
    "queue": [
      [
        30,
        1
      ]
    ]
  }
}