{
  "incumbent_ids": [
    2
  ],
  "rejected_config_ids": [
    1
  ],
  "incumbents_changed": 2,
  "trajectory": [
    {
      "config_ids": [
        1
      ],
      "costs": [
        -1591.948630154736
      ],
      "trial": 1,
      "walltime": 166.76628994941711
    },
    {
      "config_ids": [
        2
      ],
      "costs": [
        -5434.776097744175
      ],
      "trial": 2,
      "walltime": 351.6252176761627
    }
  ],
  "state": {
    "queue": [
      [
        30,
        1
      ]
    ]
  }
}