{
  "incumbent_ids": [
    20
  ],
  "rejected_config_ids": [
    1,
    11,
    16
  ],
  "incumbents_changed": 4,
  "trajectory": [
    {
      "config_ids": [
        1
      ],
      "costs": [
        -669.5
      ],
      "trial": 1,
      "walltime": 46.62143397331238
    },
    {
      "config_ids": [
        11
      ],
      "costs": [
        -1363.514290221969
      ],
      "trial": 11,
      "walltime": 609.8455772399902
    },
    {
      "config_ids": [
        16
      ],
      "costs": [
        -1877.042407681492
      ],
      "trial": 16,
      "walltime": 886.6022715568542
    },
    {
      "config_ids": [
        20
      ],
      "costs": [
        -10752.155260425168
      ],
      "trial": 20,
      "walltime": 1122.6598553657532
    }
  ],
  "state": {
    "queue": [
      [
        30,
        1
      ]
    ]
  }
}