{
  "incumbent_ids": [
    23
  ],
  "rejected_config_ids": [
    1,
    11,
    16
  ],
  "incumbents_changed": 4,
  "trajectory": [
    {
      "config_ids": [
        1
      ],
      "costs": [
        -540.5
      ],
      "trial": 1,
      "walltime": 53.895103931427
    },
    {
      "config_ids": [
        11
      ],
      "costs": [
        -1408.2674530346615
      ],
      "trial": 11,
      "walltime": 593.9677140712738
    },
    {
      "config_ids": [
        16
      ],
      "costs": [
        -1629.9241183089814
      ],
      "trial": 16,
      "walltime": 907.3554089069366
    },
    {
      "config_ids": [
        23
      ],
      "costs": [
        -1957.449799828198
      ],
      "trial": 23,
      "walltime": 1358.3339064121246
    }
  ],
  "state": {
    "queue": [
      [
        30,
        1
      ]
    ]
  }
}