{
  "incumbent_ids": [
    12
  ],
  "rejected_config_ids": [
    1,
    6
  ],
  "incumbents_changed": 3,
  "trajectory": [
    {
      "config_ids": [
        1
      ],
      "costs": [
        -657.5
      ],
      "trial": 1,
      "walltime": 44.811561584472656
    },
    {
      "config_ids": [
        6
      ],
      "costs": [
        -1663.9734373301487
      ],
      "trial": 6,
      "walltime": 315.97047781944275
    },
    {
      "config_ids": [
        12
      ],
      "costs": [
        -2863.322429636537
      ],
      "trial": 12,
      "walltime": 681.711588382721
    }
  ],
  "state": {
    "queue": [
      [
        30,
        1
      ]
    ]
  }
}