{
  "incumbent_ids": [
    49
  ],
  "rejected_config_ids": [
    1,
    41
  ],
  "incumbents_changed": 3,
  "trajectory": [
    {
      "config_ids": [
        1
      ],
      "costs": [
        -5410.758320082659
      ],
      "trial": 30,
      "walltime": 0.00067138671875
    },
    {
      "config_ids": [
        41
      ],
      "costs": [
        -6145.243169526573
      ],
      "trial": 41,
      "walltime": 2527.19637966156
    },
    {
      "config_ids": [
        49
      ],
      "costs": [
        -6838.351106017934
      ],
      "trial": 49,
      "walltime": 4066.0909311771393
    }
  ],
  "state": {
    "queue": [
      [
        110,
        1
      ]
    ]
  }
}