{
  "incumbent_ids": [
    7
  ],
  "rejected_config_ids": [
    1,
    3
  ],
  "incumbents_changed": 3,
  "trajectory": [
    {
      "config_ids": [
        1
      ],
      "costs": [
        -1568.4967768019765
      ],
      "trial": 1,
      "walltime": 90.84977388381958
    },
    {
      "config_ids": [
        3
      ],
      "costs": [
        -3789.2305733544317
      ],
      "trial": 3,
      "walltime": 278.93273067474365
    },
    {
      "config_ids": [
        7
      ],
      "costs": [
        -4124.117104835587
      ],
      "trial": 7,
      "walltime": 554.9150247573853
    }
  ],
  "state": {
    "queue": [
      [
        30,
        1
      ]
    ]
  }
}