{
  "incumbent_ids": [
    61
  ],
  "rejected_config_ids": [
    1
  ],
  "incumbents_changed": 2,
  "trajectory": [
    {
      "config_ids": [
        1
      ],
      "costs": [
        -4114.627175862342
      ],
      "trial": 3,
      "walltime": 0.03908729553222656
    },
    {
      "config_ids": [
        61
      ],
      "costs": [
        -5166.976108264525
      ],
      "trial": 61,
      "walltime": 3912.0751209259033
    }
  ],
  "state": {
    "queue": [
      [
        110,
        1
      ]
    ]
  }
}