{
  "incumbent_ids": [
    29
  ],
  "rejected_config_ids": [
    1,
    2
  ],
  "incumbents_changed": 3,
  "trajectory": [
    {
      "config_ids": [
        1
      ],
      "costs": [
        -752.0
      ],
      "trial": 1,
      "walltime": 45.55872631072998
    },
    {
      "config_ids": [
        2
      ],
      "costs": [
        -4188.0814863893975
      ],
      "trial": 2,
      "walltime": 138.4134075641632
    },
    {
      "config_ids": [
        29
      ],
      "costs": [
        -4223.445031328093
      ],
      "trial": 29,
      "walltime": 2332.2785699367523
    }
  ],
  "state": {
    "queue": [
      [
        30,
        1
      ]
    ]
  }
}