{
  "incumbent_ids": [
    90
  ],
  "rejected_config_ids": [
    1,
    56
  ],
  "incumbents_changed": 3,
  "trajectory": [
    {
      "config_ids": [
        1
      ],
      "costs": [
        392780.0
      ],
      "trial": 30,
      "walltime": 0.0005004405975341797
    },
    {
      "config_ids": [
        56
      ],
      "costs": [
        387360.0
      ],
      "trial": 56,
      "walltime": 2616.8142738342285
    },
    {
      "config_ids": [
        90
      ],
      "costs": [
        382161.0
      ],
      "trial": 90,
      "walltime": 4913.118139028549
    }
  ],
  "state": {
    "queue": [
      [
        110,
        1
      ]
    ]
  }
}