{
  "incumbent_ids": [
    13
  ],
  "rejected_config_ids": [
    1,
    2
  ],
  "incumbents_changed": 3,
  "trajectory": [
    {
      "config_ids": [
        1
      ],
      "costs": [
        -913.8741525845259
      ],
      "trial": 1,
      "walltime": 147.85214805603027
    },
    {
      "config_ids": [
        2
      ],
      "costs": [
        -3827.1987416694474
      ],
      "trial": 2,
      "walltime": 325.2053551673889
    },
    {
      "config_ids": [
        13
      ],
      "costs": [
        -4000.933884116627
      ],
      "trial": 13,
      "walltime": 1900.7386889457703
    }
  ],
  "state": {
    "queue": [
      [
        30,
        1
      ]
    ]
  }
}