{
  "incumbent_ids": [
    12
  ],
  "rejected_config_ids": [
    1,
    11
  ],
  "incumbents_changed": 3,
  "trajectory": [
    {
      "config_ids": [
        1
      ],
      "costs": [
        -655.5
      ],
      "trial": 1,
      "walltime": 46.01667666435242
    },
    {
      "config_ids": [
        11
      ],
      "costs": [
        -1285.8832772259595
      ],
      "trial": 11,
      "walltime": 545.18931889534
    },
    {
      "config_ids": [
        12
      ],
      "costs": [
        -1692.0486201343504
      ],
      "trial": 12,
      "walltime": 636.8307962417603
    }
  ],
  "state": {
    "queue": [
      [
        30,
        1
      ]
    ]
  }
}