{
  "incumbent_ids": [
    21
  ],
  "rejected_config_ids": [
    1,
    2
  ],
  "incumbents_changed": 3,
  "trajectory": [
    {
      "config_ids": [
        1
      ],
      "costs": [
        -1487.1703811635527
      ],
      "trial": 1,
      "walltime": 157.52076601982117
    },
    {
      "config_ids": [
        2
      ],
      "costs": [
        -3111.5595100869264
      ],
      "trial": 2,
      "walltime": 553.7671329975128
    },
    {
      "config_ids": [
        21
      ],
      "costs": [
        -3148.5055694224907
      ],
      "trial": 21,
      "walltime": 6723.429594039917
    }
  ],
  "state": {
    "queue": [
      [
        30,
        1
      ]
    ]
  }
}