{
  "incumbent_ids": [
    10
  ],
  "rejected_config_ids": [
    1,
    3,
    9
  ],
  "incumbents_changed": 4,
  "trajectory": [
    {
      "config_ids": [
        1
      ],
      "costs": [
        -786.8588006339509
      ],
      "trial": 1,
      "walltime": 388.10557222366333
    },
    {
      "config_ids": [
        3
      ],
      "costs": [
        -1383.1202601640716
      ],
      "trial": 3,
      "walltime": 1076.7196362018585
    },
    {
      "config_ids": [
        9
      ],
      "costs": [
        -1677.892541956047
      ],
      "trial": 9,
      "walltime": 3330.780167579651
    },
    {
      "config_ids": [
        10
      ],
      "costs": [
        -2167.535838893204
      ],
      "trial": 10,
      "walltime": 3734.2583932876587
    }
  ],
  "state": {
    "queue": [
      [
        30,
        1
      ]
    ]
  }
}