{
  "incumbent_ids": [
    29
  ],
  "rejected_config_ids": [
    1,
    2,
    20
  ],
  "incumbents_changed": 4,
  "trajectory": [
    {
      "config_ids": [
        1
      ],
      "costs": [
        -1963.4714201252245
      ],
      "trial": 1,
      "walltime": 126.77089285850525
    },
    {
      "config_ids": [
        2
      ],
      "costs": [
        -3437.128313963984
      ],
      "trial": 2,
      "walltime": 287.5025222301483
    },
    {
      "config_ids": [
        20
      ],
      "costs": [
        -4221.934310212376
      ],
      "trial": 20,
      "walltime": 2836.1006865501404
    },
    {
      "config_ids": [
        29
      ],
      "costs": [
        -4419.2969360914285
      ],
      "trial": 29,
      "walltime": 4112.378407239914
    }
  ],
  "state": {
    "queue": [
      [
        30,
        1
      ]
    ]
  }
}