{
  "incumbent_ids": [
    18
  ],
  "rejected_config_ids": [
    1,
    2
  ],
  "incumbents_changed": 3,
  "trajectory": [
    {
      "config_ids": [
        1
      ],
      "costs": [
        -929.3649314105735
      ],
      "trial": 1,
      "walltime": 255.48880338668823
    },
    {
      "config_ids": [
        2
      ],
      "costs": [
        -3724.774026451254
      ],
      "trial": 2,
      "walltime": 497.4644465446472
    },
    {
      "config_ids": [
        18
      ],
      "costs": [
        -4149.4600555807765
      ],
      "trial": 18,
      "walltime": 4010.632167339325
    }
  ],
  "state": {
    "queue": [
      [
        30,
        1
      ]
    ]
  }
}