{
  "incumbent_ids": [
    91
  ],
  "rejected_config_ids": [
    1,
    86,
    87
  ],
  "incumbents_changed": 4,
  "trajectory": [
    {
      "config_ids": [
        1
      ],
      "costs": [
        -3961.7564974125585
      ],
      "trial": 30,
      "walltime": 0.0006265640258789062
    },
    {
      "config_ids": [
        86
      ],
      "costs": [
        -4272.456091034582
      ],
      "trial": 86,
      "walltime": 5128.932911396027
    },
    {
      "config_ids": [
        87
      ],
      "costs": [
        -4357.300087082456
      ],
      "trial": 87,
      "walltime": 5225.195025205612
    },
    {
      "config_ids": [
        91
      ],
      "costs": [
        -4457.692093423504
      ],
      "trial": 91,
      "walltime": 5597.943984508514
    }
  ],
  "state": {
    "queue": [
      [
        110,
        1
      ]
    ]
  }
}