{
  "incumbent_ids": [
    80
  ],
  "rejected_config_ids": [
    1,
    49
  ],
  "incumbents_changed": 3,
  "trajectory": [
    {
      "config_ids": [
        1
      ],
      "costs": [
        -4474.854834655471
      ],
      "trial": 30,
      "walltime": 0.0005617141723632812
    },
    {
      "config_ids": [
        49
      ],
      "costs": [
        -7513.902027937794
      ],
      "trial": 49,
      "walltime": 7589.246346950531
    },
    {
      "config_ids": [
        80
      ],
      "costs": [
        -8047.717623422003
      ],
      "trial": 80,
      "walltime": 21401.00873708725
    }
  ],
  "state": {
    "queue": [
      [
        110,
        1
      ]
    ]
  }
}