{
  "incumbent_ids": [
    17
  ],
  "rejected_config_ids": [
    1,
    2,
    4
  ],
  "incumbents_changed": 4,
  "trajectory": [
    {
      "config_ids": [
        1
      ],
      "costs": [
        1132490.0
      ],
      "trial": 1,
      "walltime": 57.747519731521606
    },
    {
      "config_ids": [
        2
      ],
      "costs": [
        927313.0
      ],
      "trial": 2,
      "walltime": 107.00068521499634
    },
    {
      "config_ids": [
        4
      ],
      "costs": [
        561857.0
      ],
      "trial": 4,
      "walltime": 197.72791266441345
    },
    {
      "config_ids": [
        17
      ],
      "costs": [
        531421.0
      ],
      "trial": 17,
      "walltime": 702.3077383041382
    }
  ],
  "state": {
    "queue": [
      [
        30,
        1
      ]
    ]
  }
}