{
  "incumbent_ids": [
    30
  ],
  "rejected_config_ids": [
    1,
    4,
    11
  ],
  "incumbents_changed": 4,
  "trajectory": [
    {
      "config_ids": [
        1
      ],
      "costs": [
        890636.0
      ],
      "trial": 1,
      "walltime": 48.1424777507782
    },
    {
      "config_ids": [
        4
      ],
      "costs": [
        784522.0
      ],
      "trial": 4,
      "walltime": 338.5536997318268
    },
    {
      "config_ids": [
        11
      ],
      "costs": [
        593959.0
      ],
      "trial": 11,
      "walltime": 629.6806156635284
    },
    {
      "config_ids": [
        30
      ],
      "costs": [
        507620.0
      ],
      "trial": 30,
      "walltime": 2017.2747509479523
    }
  ],
  "state": {
    "queue": [
      [
        30,
        1
      ]
    ]
  }
}