{
  "incumbent_ids": [
    23
  ],
  "rejected_config_ids": [
    1,
    3,
    4
  ],
  "incumbents_changed": 4,
  "trajectory": [
    {
      "config_ids": [
        1
      ],
      "costs": [
        1099698.0
      ],
      "trial": 1,
      "walltime": 190.7089786529541
    },
    {
      "config_ids": [
        3
      ],
      "costs": [
        929758.0
      ],
      "trial": 3,
      "walltime": 264.33018040657043
    },
    {
      "config_ids": [
        4
      ],
      "costs": [
        417120.0
      ],
      "trial": 4,
      "walltime": 293.2654540538788
    },
    {
      "config_ids": [
        23
      ],
      "costs": [
        394020.0
      ],
      "trial": 23,
      "walltime": 944.8331201076508
    }
  ],
  "state": {
    "queue": [
      [
        30,
        1
      ]
    ]
  }
}