{
  "incumbent_ids": [
    70
  ],
  "rejected_config_ids": [
    1
  ],
  "incumbents_changed": 2,
  "trajectory": [
    {
      "config_ids": [
        1
      ],
      "costs": [
        -4167.663301486934
      ],
      "trial": 30,
      "walltime": 0.0005047321319580078
    },
    {
      "config_ids": [
        70
      ],
      "costs": [
        -5460.193876847584
      ],
      "trial": 70,
      "walltime": 3085.222098350525
    }
  ],
  "state": {
    "queue": [
      [
        110,
        1
      ]
    ]
  }
}