{
  "incumbent_ids": [
    40
  ],
  "rejected_config_ids": [
    1
  ],
  "incumbents_changed": 2,
  "trajectory": [
    {
      "config_ids": [
        1
      ],
      "costs": [
        -4149.4600555807765
      ],
      "trial": 30,
      "walltime": 0.0005660057067871094
    },
    {
      "config_ids": [
        40
      ],
      "costs": [
        -10426.045788458403
      ],
      "trial": 40,
      "walltime": 2174.7444689273834
    }
  ],
  "state": {
    "queue": [
      [
        110,
        1
      ]
    ]
  }
}