{
  "incumbent_ids": [
    23
  ],
  "rejected_config_ids": [
    1,
    5,
    12
  ],
  "incumbents_changed": 4,
  "trajectory": [
    {
      "config_ids": [
        1
      ],
      "costs": [
        -1539.3513595376135
      ],
      "trial": 1,
      "walltime": 230.20180368423462
    },
    {
      "config_ids": [
        5
      ],
      "costs": [
        -2886.8837589069685
      ],
      "trial": 5,
      "walltime": 1205.6332681179047
    },
    {
      "config_ids": [
        12
      ],
      "costs": [
        -3162.848747197297
      ],
      "trial": 12,
      "walltime": 2633.8174562454224
    },
    {
      "config_ids": [
        23
      ],
      "costs": [
        -3473.6214718548677
      ],
      "trial": 23,
      "walltime": 4972.619423627853
    }
  ],
  "state": {
    "queue": [
      [
        30,
        1
      ]
    ]
  }
}