{
  "incumbent_ids": [
    13
  ],
  "rejected_config_ids": [
    1,
    5,
    10
  ],
  "incumbents_changed": 4,
  "trajectory": [
    {
      "config_ids": [
        1
      ],
      "costs": [
        -2261.4383769171204
      ],
      "trial": 1,
      "walltime": 213.46582055091858
    },
    {
      "config_ids": [
        5
      ],
      "costs": [
        -3427.1022523998927
      ],
      "trial": 5,
      "walltime": 1061.7809309959412
    },
    {
      "config_ids": [
        10
      ],
      "costs": [
        -4127.707705032859
      ],
      "trial": 10,
      "walltime": 1826.3097264766693
    },
    {
      "config_ids": [
        13
      ],
      "costs": [
        -4167.103458331913
      ],
      "trial": 13,
      "walltime": 2435.959525346756
    }
  ],
  "state": {
    "queue": [
      [
        30,
        1
      ]
    ]
  }
}