{
  "incumbent_ids": [
    88
  ],
  "rejected_config_ids": [
    1,
    64,
    87
  ],
  "incumbents_changed": 4,
  "trajectory": [
    {
      "config_ids": [
        1
      ],
      "costs": [
        -3662.594025357274
      ],
      "trial": 30,
      "walltime": 0.0003917217254638672
    },
    {
      "config_ids": [
        64
      ],
      "costs": [
        -3692.315604689807
      ],
      "trial": 64,
      "walltime": 9758.704743385315
    },
    {
      "config_ids": [
        87
      ],
      "costs": [
        -3695.3048445586464
      ],
      "trial": 87,
      "walltime": 16280.694108247757
    },
    {
      "config_ids": [
        88
      ],
      "costs": [
        -3782.116710679993
      ],
      "trial": 88,
      "walltime": 16565.800355672836
    }
  ],
  "state": {
    "queue": [
      [
        110,
        1
      ]
    ]
  }
}